time-id,method,spot,id
1,neighborhood,cold,227
1,neighborhood,cold,275
1,neighborhood,cold,412
1,neighborhood,cold,467
1,neighborhood,cold,499
1,neighborhood,cold,532
1,neighborhood,cold,720
1,neighborhood,cold,748
1,neighborhood,cold,804
1,neighborhood,hot,103
1,neighborhood,hot,104
1,neighborhood,hot,106
1,neighborhood,hot,120
1,neighborhood,hot,146
1,neighborhood,hot,161
1,neighborhood,hot,174
1,neighborhood,hot,177
1,neighborhood,hot,178
1,neighborhood,hot,184
1,neighborhood,hot,188
1,neighborhood,hot,193
1,neighborhood,hot,203
1,neighborhood,hot,207
1,neighborhood,hot,216
1,neighborhood,hot,222
1,neighborhood,hot,226
1,neighborhood,hot,251
1,neighborhood,hot,252
1,neighborhood,hot,278
1,neighborhood,hot,291
1,neighborhood,hot,292
1,neighborhood,hot,313
1,neighborhood,hot,314
1,neighborhood,hot,317
1,neighborhood,hot,324
1,neighborhood,hot,329
1,neighborhood,hot,331
1,neighborhood,hot,332
1,neighborhood,hot,345
1,neighborhood,hot,351
1,neighborhood,hot,354
1,neighborhood,hot,355
1,neighborhood,hot,356
1,neighborhood,hot,359
1,neighborhood,hot,368
1,neighborhood,hot,384
1,neighborhood,hot,387
1,neighborhood,hot,395
1,neighborhood,hot,397
1,neighborhood,hot,407
1,neighborhood,hot,411
1,neighborhood,hot,418
1,neighborhood,hot,421
1,neighborhood,hot,435
1,neighborhood,hot,450
1,neighborhood,hot,457
1,neighborhood,hot,472
1,neighborhood,hot,474
1,neighborhood,hot,480
1,neighborhood,hot,489
1,neighborhood,hot,494
1,neighborhood,hot,505
1,neighborhood,hot,521
1,neighborhood,hot,527
1,neighborhood,hot,531
1,neighborhood,hot,534
1,neighborhood,hot,538
1,neighborhood,hot,540
1,neighborhood,hot,545
1,neighborhood,hot,550
1,neighborhood,hot,563
1,neighborhood,hot,571
1,neighborhood,hot,572
1,neighborhood,hot,577
1,neighborhood,hot,590
1,neighborhood,hot,600
1,neighborhood,hot,610
1,neighborhood,hot,611
1,neighborhood,hot,617
1,neighborhood,hot,619
1,neighborhood,hot,627
1,neighborhood,hot,631
1,neighborhood,hot,632
1,neighborhood,hot,640
1,neighborhood,hot,667
1,neighborhood,hot,681
1,neighborhood,hot,691
1,neighborhood,hot,692
1,neighborhood,hot,705
1,neighborhood,hot,710
1,neighborhood,hot,717
1,neighborhood,hot,729
1,neighborhood,hot,736
1,neighborhood,hot,746
1,neighborhood,hot,747
1,neighborhood,hot,759
1,neighborhood,hot,781
1,neighborhood,hot,783
1,neighborhood,hot,786
1,neighborhood,hot,787
1,neighborhood,hot,791
1,neighborhood,hot,793
1,neighborhood,hot,802
1,neighborhood,hot,818
1,state,cold,416
1,state,cold,720
1,state,hot,104
1,state,hot,106
1,state,hot,154
1,state,hot,174
1,state,hot,178
1,state,hot,184
1,state,hot,207
1,state,hot,216
1,state,hot,222
1,state,hot,252
1,state,hot,292
1,state,hot,295
1,state,hot,308
1,state,hot,313
1,state,hot,329
1,state,hot,331
1,state,hot,349
1,state,hot,351
1,state,hot,354
1,state,hot,355
1,state,hot,356
1,state,hot,359
1,state,hot,384
1,state,hot,407
1,state,hot,409
1,state,hot,421
1,state,hot,435
1,state,hot,450
1,state,hot,480
1,state,hot,489
1,state,hot,499
1,state,hot,521
1,state,hot,531
1,state,hot,534
1,state,hot,538
1,state,hot,540
1,state,hot,550
1,state,hot,570
1,state,hot,574
1,state,hot,590
1,state,hot,600
1,state,hot,610
1,state,hot,617
1,state,hot,627
1,state,hot,631
1,state,hot,640
1,state,hot,653
1,state,hot,681
1,state,hot,710
1,state,hot,717
1,state,hot,729
1,state,hot,736
1,state,hot,746
1,state,hot,759
1,state,hot,783
1,state,hot,793
2,neighborhood,cold,109
2,neighborhood,cold,116
2,neighborhood,cold,119
2,neighborhood,cold,130
2,neighborhood,cold,137
2,neighborhood,cold,175
2,neighborhood,cold,205
2,neighborhood,cold,214
2,neighborhood,cold,242
2,neighborhood,cold,257
2,neighborhood,cold,275
2,neighborhood,cold,297
2,neighborhood,cold,307
2,neighborhood,cold,309
2,neighborhood,cold,336
2,neighborhood,cold,337
2,neighborhood,cold,342
2,neighborhood,cold,357
2,neighborhood,cold,377
2,neighborhood,cold,378
2,neighborhood,cold,414
2,neighborhood,cold,417
2,neighborhood,cold,423
2,neighborhood,cold,443
2,neighborhood,cold,444
2,neighborhood,cold,455
2,neighborhood,cold,467
2,neighborhood,cold,473
2,neighborhood,cold,475
2,neighborhood,cold,499
2,neighborhood,cold,532
2,neighborhood,cold,554
2,neighborhood,cold,562
2,neighborhood,cold,580
2,neighborhood,cold,613
2,neighborhood,cold,614
2,neighborhood,cold,615
2,neighborhood,cold,663
2,neighborhood,cold,666
2,neighborhood,cold,696
2,neighborhood,cold,720
2,neighborhood,cold,742
2,neighborhood,cold,750
2,neighborhood,cold,799
2,neighborhood,cold,801
2,neighborhood,hot,101
2,neighborhood,hot,103
2,neighborhood,hot,104
2,neighborhood,hot,108
2,neighborhood,hot,120
2,neighborhood,hot,124
2,neighborhood,hot,129
2,neighborhood,hot,133
2,neighborhood,hot,136
2,neighborhood,hot,145
2,neighborhood,hot,152
2,neighborhood,hot,153
2,neighborhood,hot,154
2,neighborhood,hot,157
2,neighborhood,hot,168
2,neighborhood,hot,172
2,neighborhood,hot,174
2,neighborhood,hot,178
2,neighborhood,hot,188
2,neighborhood,hot,197
2,neighborhood,hot,203
2,neighborhood,hot,206
2,neighborhood,hot,207
2,neighborhood,hot,222
2,neighborhood,hot,231
2,neighborhood,hot,235
2,neighborhood,hot,255
2,neighborhood,hot,268
2,neighborhood,hot,283
2,neighborhood,hot,287
2,neighborhood,hot,313
2,neighborhood,hot,317
2,neighborhood,hot,319
2,neighborhood,hot,322
2,neighborhood,hot,329
2,neighborhood,hot,333
2,neighborhood,hot,348
2,neighborhood,hot,351
2,neighborhood,hot,353
2,neighborhood,hot,355
2,neighborhood,hot,356
2,neighborhood,hot,359
2,neighborhood,hot,361
2,neighborhood,hot,362
2,neighborhood,hot,368
2,neighborhood,hot,384
2,neighborhood,hot,387
2,neighborhood,hot,389
2,neighborhood,hot,395
2,neighborhood,hot,396
2,neighborhood,hot,403
2,neighborhood,hot,409
2,neighborhood,hot,411
2,neighborhood,hot,418
2,neighborhood,hot,421
2,neighborhood,hot,435
2,neighborhood,hot,457
2,neighborhood,hot,459
2,neighborhood,hot,463
2,neighborhood,hot,468
2,neighborhood,hot,474
2,neighborhood,hot,480
2,neighborhood,hot,483
2,neighborhood,hot,489
2,neighborhood,hot,494
2,neighborhood,hot,497
2,neighborhood,hot,514
2,neighborhood,hot,521
2,neighborhood,hot,527
2,neighborhood,hot,531
2,neighborhood,hot,534
2,neighborhood,hot,538
2,neighborhood,hot,545
2,neighborhood,hot,547
2,neighborhood,hot,548
2,neighborhood,hot,563
2,neighborhood,hot,567
2,neighborhood,hot,576
2,neighborhood,hot,598
2,neighborhood,hot,599
2,neighborhood,hot,600
2,neighborhood,hot,617
2,neighborhood,hot,627
2,neighborhood,hot,631
2,neighborhood,hot,640
2,neighborhood,hot,653
2,neighborhood,hot,654
2,neighborhood,hot,657
2,neighborhood,hot,669
2,neighborhood,hot,692
2,neighborhood,hot,710
2,neighborhood,hot,714
2,neighborhood,hot,728
2,neighborhood,hot,733
2,neighborhood,hot,736
2,neighborhood,hot,747
2,neighborhood,hot,755
2,neighborhood,hot,759
2,neighborhood,hot,760
2,neighborhood,hot,768
2,neighborhood,hot,773
2,neighborhood,hot,783
2,neighborhood,hot,786
2,neighborhood,hot,789
2,neighborhood,hot,790
2,neighborhood,hot,791
2,neighborhood,hot,797
2,neighborhood,hot,818
2,state,cold,416
2,state,cold,720
2,state,cold,728
2,state,cold,794
2,state,hot,103
2,state,hot,104
2,state,hot,154
2,state,hot,159
2,state,hot,172
2,state,hot,174
2,state,hot,178
2,state,hot,188
2,state,hot,206
2,state,hot,216
2,state,hot,222
2,state,hot,235
2,state,hot,252
2,state,hot,268
2,state,hot,287
2,state,hot,295
2,state,hot,303
2,state,hot,319
2,state,hot,322
2,state,hot,329
2,state,hot,331
2,state,hot,351
2,state,hot,353
2,state,hot,355
2,state,hot,359
2,state,hot,361
2,state,hot,362
2,state,hot,387
2,state,hot,389
2,state,hot,403
2,state,hot,409
2,state,hot,411
2,state,hot,421
2,state,hot,435
2,state,hot,457
2,state,hot,463
2,state,hot,468
2,state,hot,480
2,state,hot,483
2,state,hot,489
2,state,hot,527
2,state,hot,531
2,state,hot,534
2,state,hot,538
2,state,hot,546
2,state,hot,547
2,state,hot,548
2,state,hot,563
2,state,hot,574
2,state,hot,576
2,state,hot,579
2,state,hot,587
2,state,hot,599
2,state,hot,600
2,state,hot,613
2,state,hot,617
2,state,hot,640
2,state,hot,653
2,state,hot,657
2,state,hot,692
2,state,hot,710
2,state,hot,711
2,state,hot,729
2,state,hot,736
2,state,hot,773
2,state,hot,789
3,neighborhood,cold,112
3,neighborhood,cold,116
3,neighborhood,cold,119
3,neighborhood,cold,121
3,neighborhood,cold,128
3,neighborhood,cold,133
3,neighborhood,cold,137
3,neighborhood,cold,142
3,neighborhood,cold,164
3,neighborhood,cold,176
3,neighborhood,cold,198
3,neighborhood,cold,203
3,neighborhood,cold,204
3,neighborhood,cold,212
3,neighborhood,cold,214
3,neighborhood,cold,220
3,neighborhood,cold,221
3,neighborhood,cold,227
3,neighborhood,cold,240
3,neighborhood,cold,242
3,neighborhood,cold,275
3,neighborhood,cold,282
3,neighborhood,cold,307
3,neighborhood,cold,309
3,neighborhood,cold,357
3,neighborhood,cold,393
3,neighborhood,cold,413
3,neighborhood,cold,414
3,neighborhood,cold,434
3,neighborhood,cold,438
3,neighborhood,cold,442
3,neighborhood,cold,443
3,neighborhood,cold,455
3,neighborhood,cold,471
3,neighborhood,cold,475
3,neighborhood,cold,499
3,neighborhood,cold,502
3,neighborhood,cold,504
3,neighborhood,cold,517
3,neighborhood,cold,528
3,neighborhood,cold,532
3,neighborhood,cold,574
3,neighborhood,cold,587
3,neighborhood,cold,609
3,neighborhood,cold,613
3,neighborhood,cold,614
3,neighborhood,cold,622
3,neighborhood,cold,634
3,neighborhood,cold,644
3,neighborhood,cold,651
3,neighborhood,cold,659
3,neighborhood,cold,663
3,neighborhood,cold,680
3,neighborhood,cold,686
3,neighborhood,cold,693
3,neighborhood,cold,701
3,neighborhood,cold,705
3,neighborhood,cold,710
3,neighborhood,cold,713
3,neighborhood,cold,716
3,neighborhood,cold,723
3,neighborhood,cold,730
3,neighborhood,cold,745
3,neighborhood,cold,773
3,neighborhood,cold,775
3,neighborhood,cold,787
3,neighborhood,cold,798
3,neighborhood,hot,103
3,neighborhood,hot,104
3,neighborhood,hot,108
3,neighborhood,hot,120
3,neighborhood,hot,124
3,neighborhood,hot,130
3,neighborhood,hot,134
3,neighborhood,hot,144
3,neighborhood,hot,145
3,neighborhood,hot,148
3,neighborhood,hot,150
3,neighborhood,hot,158
3,neighborhood,hot,168
3,neighborhood,hot,171
3,neighborhood,hot,174
3,neighborhood,hot,179
3,neighborhood,hot,188
3,neighborhood,hot,193
3,neighborhood,hot,194
3,neighborhood,hot,207
3,neighborhood,hot,216
3,neighborhood,hot,222
3,neighborhood,hot,233
3,neighborhood,hot,236
3,neighborhood,hot,251
3,neighborhood,hot,252
3,neighborhood,hot,259
3,neighborhood,hot,261
3,neighborhood,hot,283
3,neighborhood,hot,287
3,neighborhood,hot,290
3,neighborhood,hot,310
3,neighborhood,hot,313
3,neighborhood,hot,317
3,neighborhood,hot,321
3,neighborhood,hot,324
3,neighborhood,hot,325
3,neighborhood,hot,329
3,neighborhood,hot,331
3,neighborhood,hot,332
3,neighborhood,hot,344
3,neighborhood,hot,346
3,neighborhood,hot,351
3,neighborhood,hot,354
3,neighborhood,hot,355
3,neighborhood,hot,356
3,neighborhood,hot,358
3,neighborhood,hot,359
3,neighborhood,hot,361
3,neighborhood,hot,362
3,neighborhood,hot,368
3,neighborhood,hot,369
3,neighborhood,hot,375
3,neighborhood,hot,387
3,neighborhood,hot,403
3,neighborhood,hot,409
3,neighborhood,hot,411
3,neighborhood,hot,423
3,neighborhood,hot,431
3,neighborhood,hot,446
3,neighborhood,hot,449
3,neighborhood,hot,450
3,neighborhood,hot,459
3,neighborhood,hot,460
3,neighborhood,hot,463
3,neighborhood,hot,465
3,neighborhood,hot,467
3,neighborhood,hot,468
3,neighborhood,hot,480
3,neighborhood,hot,489
3,neighborhood,hot,490
3,neighborhood,hot,493
3,neighborhood,hot,494
3,neighborhood,hot,506
3,neighborhood,hot,513
3,neighborhood,hot,521
3,neighborhood,hot,527
3,neighborhood,hot,531
3,neighborhood,hot,533
3,neighborhood,hot,545
3,neighborhood,hot,546
3,neighborhood,hot,552
3,neighborhood,hot,577
3,neighborhood,hot,583
3,neighborhood,hot,599
3,neighborhood,hot,600
3,neighborhood,hot,617
3,neighborhood,hot,631
3,neighborhood,hot,639
3,neighborhood,hot,640
3,neighborhood,hot,656
3,neighborhood,hot,657
3,neighborhood,hot,695
3,neighborhood,hot,702
3,neighborhood,hot,714
3,neighborhood,hot,727
3,neighborhood,hot,733
3,neighborhood,hot,736
3,neighborhood,hot,746
3,neighborhood,hot,756
3,neighborhood,hot,759
3,neighborhood,hot,761
3,neighborhood,hot,763
3,neighborhood,hot,765
3,neighborhood,hot,766
3,neighborhood,hot,769
3,neighborhood,hot,771
3,neighborhood,hot,780
3,neighborhood,hot,783
3,neighborhood,hot,786
3,neighborhood,hot,797
3,state,cold,128
3,state,cold,190
3,state,cold,209
3,state,cold,276
3,state,cold,352
3,state,cold,371
3,state,cold,414
3,state,cold,416
3,state,cold,441
3,state,cold,443
3,state,cold,453
3,state,cold,455
3,state,cold,475
3,state,cold,555
3,state,cold,574
3,state,cold,635
3,state,cold,645
3,state,cold,686
3,state,cold,728
3,state,cold,731
3,state,cold,794
3,state,hot,103
3,state,hot,104
3,state,hot,106
3,state,hot,120
3,state,hot,124
3,state,hot,145
3,state,hot,150
3,state,hot,171
3,state,hot,174
3,state,hot,179
3,state,hot,188
3,state,hot,193
3,state,hot,216
3,state,hot,218
3,state,hot,222
3,state,hot,233
3,state,hot,238
3,state,hot,251
3,state,hot,252
3,state,hot,259
3,state,hot,272
3,state,hot,287
3,state,hot,290
3,state,hot,295
3,state,hot,303
3,state,hot,310
3,state,hot,311
3,state,hot,313
3,state,hot,315
3,state,hot,321
3,state,hot,329
3,state,hot,331
3,state,hot,334
3,state,hot,343
3,state,hot,350
3,state,hot,351
3,state,hot,354
3,state,hot,355
3,state,hot,359
3,state,hot,361
3,state,hot,362
3,state,hot,377
3,state,hot,387
3,state,hot,395
3,state,hot,403
3,state,hot,407
3,state,hot,409
3,state,hot,411
3,state,hot,421
3,state,hot,429
3,state,hot,445
3,state,hot,450
3,state,hot,463
3,state,hot,465
3,state,hot,467
3,state,hot,468
3,state,hot,480
3,state,hot,489
3,state,hot,493
3,state,hot,513
3,state,hot,521
3,state,hot,531
3,state,hot,533
3,state,hot,546
3,state,hot,570
3,state,hot,577
3,state,hot,583
3,state,hot,592
3,state,hot,600
3,state,hot,613
3,state,hot,640
3,state,hot,650
3,state,hot,714
3,state,hot,720
3,state,hot,722
3,state,hot,729
3,state,hot,742
3,state,hot,746
3,state,hot,765
3,state,hot,769
3,state,hot,770
3,state,hot,816
4,neighborhood,cold,102
4,neighborhood,cold,112
4,neighborhood,cold,116
4,neighborhood,cold,121
4,neighborhood,cold,126
4,neighborhood,cold,128
4,neighborhood,cold,130
4,neighborhood,cold,133
4,neighborhood,cold,137
4,neighborhood,cold,147
4,neighborhood,cold,151
4,neighborhood,cold,154
4,neighborhood,cold,157
4,neighborhood,cold,176
4,neighborhood,cold,178
4,neighborhood,cold,197
4,neighborhood,cold,200
4,neighborhood,cold,201
4,neighborhood,cold,204
4,neighborhood,cold,212
4,neighborhood,cold,215
4,neighborhood,cold,219
4,neighborhood,cold,220
4,neighborhood,cold,221
4,neighborhood,cold,228
4,neighborhood,cold,240
4,neighborhood,cold,242
4,neighborhood,cold,245
4,neighborhood,cold,249
4,neighborhood,cold,275
4,neighborhood,cold,284
4,neighborhood,cold,286
4,neighborhood,cold,293
4,neighborhood,cold,307
4,neighborhood,cold,335
4,neighborhood,cold,348
4,neighborhood,cold,352
4,neighborhood,cold,353
4,neighborhood,cold,371
4,neighborhood,cold,376
4,neighborhood,cold,382
4,neighborhood,cold,386
4,neighborhood,cold,393
4,neighborhood,cold,414
4,neighborhood,cold,422
4,neighborhood,cold,426
4,neighborhood,cold,434
4,neighborhood,cold,440
4,neighborhood,cold,442
4,neighborhood,cold,443
4,neighborhood,cold,448
4,neighborhood,cold,452
4,neighborhood,cold,455
4,neighborhood,cold,471
4,neighborhood,cold,479
4,neighborhood,cold,482
4,neighborhood,cold,484
4,neighborhood,cold,485
4,neighborhood,cold,499
4,neighborhood,cold,504
4,neighborhood,cold,508
4,neighborhood,cold,510
4,neighborhood,cold,512
4,neighborhood,cold,514
4,neighborhood,cold,517
4,neighborhood,cold,528
4,neighborhood,cold,532
4,neighborhood,cold,548
4,neighborhood,cold,550
4,neighborhood,cold,551
4,neighborhood,cold,568
4,neighborhood,cold,569
4,neighborhood,cold,575
4,neighborhood,cold,576
4,neighborhood,cold,581
4,neighborhood,cold,593
4,neighborhood,cold,602
4,neighborhood,cold,603
4,neighborhood,cold,605
4,neighborhood,cold,609
4,neighborhood,cold,614
4,neighborhood,cold,620
4,neighborhood,cold,645
4,neighborhood,cold,655
4,neighborhood,cold,658
4,neighborhood,cold,659
4,neighborhood,cold,663
4,neighborhood,cold,678
4,neighborhood,cold,684
4,neighborhood,cold,686
4,neighborhood,cold,693
4,neighborhood,cold,706
4,neighborhood,cold,713
4,neighborhood,cold,723
4,neighborhood,cold,738
4,neighborhood,cold,745
4,neighborhood,cold,750
4,neighborhood,cold,757
4,neighborhood,cold,776
4,neighborhood,cold,784
4,neighborhood,cold,798
4,neighborhood,hot,104
4,neighborhood,hot,106
4,neighborhood,hot,108
4,neighborhood,hot,115
4,neighborhood,hot,117
4,neighborhood,hot,120
4,neighborhood,hot,123
4,neighborhood,hot,134
4,neighborhood,hot,144
4,neighborhood,hot,149
4,neighborhood,hot,150
4,neighborhood,hot,159
4,neighborhood,hot,165
4,neighborhood,hot,168
4,neighborhood,hot,174
4,neighborhood,hot,179
4,neighborhood,hot,181
4,neighborhood,hot,188
4,neighborhood,hot,194
4,neighborhood,hot,216
4,neighborhood,hot,218
4,neighborhood,hot,222
4,neighborhood,hot,233
4,neighborhood,hot,236
4,neighborhood,hot,237
4,neighborhood,hot,247
4,neighborhood,hot,252
4,neighborhood,hot,261
4,neighborhood,hot,264
4,neighborhood,hot,265
4,neighborhood,hot,268
4,neighborhood,hot,272
4,neighborhood,hot,283
4,neighborhood,hot,287
4,neighborhood,hot,290
4,neighborhood,hot,310
4,neighborhood,hot,326
4,neighborhood,hot,329
4,neighborhood,hot,331
4,neighborhood,hot,332
4,neighborhood,hot,343
4,neighborhood,hot,351
4,neighborhood,hot,355
4,neighborhood,hot,356
4,neighborhood,hot,359
4,neighborhood,hot,362
4,neighborhood,hot,364
4,neighborhood,hot,367
4,neighborhood,hot,368
4,neighborhood,hot,369
4,neighborhood,hot,372
4,neighborhood,hot,375
4,neighborhood,hot,380
4,neighborhood,hot,387
4,neighborhood,hot,389
4,neighborhood,hot,395
4,neighborhood,hot,403
4,neighborhood,hot,407
4,neighborhood,hot,409
4,neighborhood,hot,411
4,neighborhood,hot,416
4,neighborhood,hot,417
4,neighborhood,hot,418
4,neighborhood,hot,419
4,neighborhood,hot,449
4,neighborhood,hot,450
4,neighborhood,hot,457
4,neighborhood,hot,459
4,neighborhood,hot,463
4,neighborhood,hot,465
4,neighborhood,hot,468
4,neighborhood,hot,489
4,neighborhood,hot,490
4,neighborhood,hot,491
4,neighborhood,hot,493
4,neighborhood,hot,494
4,neighborhood,hot,505
4,neighborhood,hot,506
4,neighborhood,hot,509
4,neighborhood,hot,513
4,neighborhood,hot,526
4,neighborhood,hot,531
4,neighborhood,hot,537
4,neighborhood,hot,541
4,neighborhood,hot,545
4,neighborhood,hot,546
4,neighborhood,hot,560
4,neighborhood,hot,562
4,neighborhood,hot,586
4,neighborhood,hot,600
4,neighborhood,hot,613
4,neighborhood,hot,627
4,neighborhood,hot,631
4,neighborhood,hot,632
4,neighborhood,hot,656
4,neighborhood,hot,660
4,neighborhood,hot,661
4,neighborhood,hot,692
4,neighborhood,hot,699
4,neighborhood,hot,702
4,neighborhood,hot,705
4,neighborhood,hot,710
4,neighborhood,hot,714
4,neighborhood,hot,720
4,neighborhood,hot,725
4,neighborhood,hot,729
4,neighborhood,hot,736
4,neighborhood,hot,740
4,neighborhood,hot,746
4,neighborhood,hot,751
4,neighborhood,hot,752
4,neighborhood,hot,761
4,neighborhood,hot,769
4,neighborhood,hot,771
4,neighborhood,hot,775
4,neighborhood,hot,783
4,neighborhood,hot,797
4,neighborhood,hot,809
4,state,cold,131
4,state,cold,167
4,state,cold,190
4,state,cold,215
4,state,cold,260
4,state,cold,275
4,state,cold,307
4,state,cold,352
4,state,cold,371
4,state,cold,386
4,state,cold,441
4,state,cold,453
4,state,cold,475
4,state,cold,480
4,state,cold,499
4,state,cold,569
4,state,cold,574
4,state,cold,575
4,state,cold,610
4,state,cold,645
4,state,cold,678
4,state,cold,685
4,state,cold,686
4,state,cold,728
4,state,cold,731
4,state,cold,745
4,state,cold,794
4,state,cold,800
4,state,hot,104
4,state,hot,106
4,state,hot,120
4,state,hot,123
4,state,hot,149
4,state,hot,159
4,state,hot,171
4,state,hot,174
4,state,hot,179
4,state,hot,181
4,state,hot,188
4,state,hot,193
4,state,hot,202
4,state,hot,216
4,state,hot,218
4,state,hot,222
4,state,hot,233
4,state,hot,237
4,state,hot,238
4,state,hot,252
4,state,hot,272
4,state,hot,287
4,state,hot,290
4,state,hot,295
4,state,hot,310
4,state,hot,313
4,state,hot,315
4,state,hot,331
4,state,hot,334
4,state,hot,336
4,state,hot,350
4,state,hot,351
4,state,hot,355
4,state,hot,359
4,state,hot,362
4,state,hot,373
4,state,hot,387
4,state,hot,395
4,state,hot,403
4,state,hot,407
4,state,hot,411
4,state,hot,416
4,state,hot,435
4,state,hot,450
4,state,hot,457
4,state,hot,465
4,state,hot,468
4,state,hot,489
4,state,hot,490
4,state,hot,491
4,state,hot,493
4,state,hot,505
4,state,hot,521
4,state,hot,531
4,state,hot,570
4,state,hot,583
4,state,hot,586
4,state,hot,592
4,state,hot,600
4,state,hot,604
4,state,hot,613
4,state,hot,617
4,state,hot,627
4,state,hot,632
4,state,hot,662
4,state,hot,668
4,state,hot,692
4,state,hot,699
4,state,hot,702
4,state,hot,710
4,state,hot,720
4,state,hot,722
4,state,hot,729
4,state,hot,736
4,state,hot,740
4,state,hot,744
4,state,hot,746
4,state,hot,754
4,state,hot,769
4,state,hot,771
4,state,hot,805
5,neighborhood,cold,102
5,neighborhood,cold,112
5,neighborhood,cold,116
5,neighborhood,cold,117
5,neighborhood,cold,121
5,neighborhood,cold,126
5,neighborhood,cold,128
5,neighborhood,cold,129
5,neighborhood,cold,130
5,neighborhood,cold,132
5,neighborhood,cold,137
5,neighborhood,cold,148
5,neighborhood,cold,157
5,neighborhood,cold,176
5,neighborhood,cold,195
5,neighborhood,cold,196
5,neighborhood,cold,200
5,neighborhood,cold,201
5,neighborhood,cold,211
5,neighborhood,cold,212
5,neighborhood,cold,215
5,neighborhood,cold,220
5,neighborhood,cold,228
5,neighborhood,cold,232
5,neighborhood,cold,242
5,neighborhood,cold,245
5,neighborhood,cold,254
5,neighborhood,cold,257
5,neighborhood,cold,266
5,neighborhood,cold,275
5,neighborhood,cold,286
5,neighborhood,cold,293
5,neighborhood,cold,299
5,neighborhood,cold,303
5,neighborhood,cold,325
5,neighborhood,cold,341
5,neighborhood,cold,342
5,neighborhood,cold,344
5,neighborhood,cold,348
5,neighborhood,cold,352
5,neighborhood,cold,353
5,neighborhood,cold,360
5,neighborhood,cold,370
5,neighborhood,cold,378
5,neighborhood,cold,382
5,neighborhood,cold,384
5,neighborhood,cold,385
5,neighborhood,cold,392
5,neighborhood,cold,393
5,neighborhood,cold,397
5,neighborhood,cold,414
5,neighborhood,cold,420
5,neighborhood,cold,427
5,neighborhood,cold,434
5,neighborhood,cold,436
5,neighborhood,cold,439
5,neighborhood,cold,440
5,neighborhood,cold,442
5,neighborhood,cold,443
5,neighborhood,cold,448
5,neighborhood,cold,452
5,neighborhood,cold,471
5,neighborhood,cold,473
5,neighborhood,cold,485
5,neighborhood,cold,499
5,neighborhood,cold,504
5,neighborhood,cold,508
5,neighborhood,cold,510
5,neighborhood,cold,514
5,neighborhood,cold,517
5,neighborhood,cold,528
5,neighborhood,cold,532
5,neighborhood,cold,542
5,neighborhood,cold,568
5,neighborhood,cold,569
5,neighborhood,cold,575
5,neighborhood,cold,579
5,neighborhood,cold,580
5,neighborhood,cold,591
5,neighborhood,cold,596
5,neighborhood,cold,603
5,neighborhood,cold,609
5,neighborhood,cold,614
5,neighborhood,cold,645
5,neighborhood,cold,651
5,neighborhood,cold,655
5,neighborhood,cold,658
5,neighborhood,cold,660
5,neighborhood,cold,663
5,neighborhood,cold,684
5,neighborhood,cold,685
5,neighborhood,cold,686
5,neighborhood,cold,688
5,neighborhood,cold,693
5,neighborhood,cold,694
5,neighborhood,cold,700
5,neighborhood,cold,723
5,neighborhood,cold,725
5,neighborhood,cold,727
5,neighborhood,cold,730
5,neighborhood,cold,735
5,neighborhood,cold,745
5,neighborhood,cold,757
5,neighborhood,cold,773
5,neighborhood,cold,775
5,neighborhood,cold,776
5,neighborhood,cold,798
5,neighborhood,cold,817
5,neighborhood,hot,104
5,neighborhood,hot,114
5,neighborhood,hot,115
5,neighborhood,hot,118
5,neighborhood,hot,120
5,neighborhood,hot,123
5,neighborhood,hot,134
5,neighborhood,hot,135
5,neighborhood,hot,147
5,neighborhood,hot,161
5,neighborhood,hot,162
5,neighborhood,hot,165
5,neighborhood,hot,174
5,neighborhood,hot,179
5,neighborhood,hot,188
5,neighborhood,hot,193
5,neighborhood,hot,207
5,neighborhood,hot,216
5,neighborhood,hot,222
5,neighborhood,hot,233
5,neighborhood,hot,235
5,neighborhood,hot,239
5,neighborhood,hot,241
5,neighborhood,hot,247
5,neighborhood,hot,252
5,neighborhood,hot,264
5,neighborhood,hot,268
5,neighborhood,hot,270
5,neighborhood,hot,283
5,neighborhood,hot,287
5,neighborhood,hot,289
5,neighborhood,hot,290
5,neighborhood,hot,295
5,neighborhood,hot,310
5,neighborhood,hot,315
5,neighborhood,hot,321
5,neighborhood,hot,322
5,neighborhood,hot,326
5,neighborhood,hot,329
5,neighborhood,hot,331
5,neighborhood,hot,332
5,neighborhood,hot,339
5,neighborhood,hot,351
5,neighborhood,hot,354
5,neighborhood,hot,355
5,neighborhood,hot,356
5,neighborhood,hot,359
5,neighborhood,hot,362
5,neighborhood,hot,364
5,neighborhood,hot,368
5,neighborhood,hot,381
5,neighborhood,hot,387
5,neighborhood,hot,389
5,neighborhood,hot,403
5,neighborhood,hot,411
5,neighborhood,hot,412
5,neighborhood,hot,418
5,neighborhood,hot,419
5,neighborhood,hot,423
5,neighborhood,hot,449
5,neighborhood,hot,450
5,neighborhood,hot,459
5,neighborhood,hot,465
5,neighborhood,hot,468
5,neighborhood,hot,478
5,neighborhood,hot,480
5,neighborhood,hot,489
5,neighborhood,hot,490
5,neighborhood,hot,493
5,neighborhood,hot,494
5,neighborhood,hot,503
5,neighborhood,hot,505
5,neighborhood,hot,506
5,neighborhood,hot,527
5,neighborhood,hot,529
5,neighborhood,hot,531
5,neighborhood,hot,537
5,neighborhood,hot,538
5,neighborhood,hot,541
5,neighborhood,hot,545
5,neighborhood,hot,552
5,neighborhood,hot,570
5,neighborhood,hot,592
5,neighborhood,hot,594
5,neighborhood,hot,599
5,neighborhood,hot,600
5,neighborhood,hot,604
5,neighborhood,hot,612
5,neighborhood,hot,617
5,neighborhood,hot,627
5,neighborhood,hot,631
5,neighborhood,hot,632
5,neighborhood,hot,640
5,neighborhood,hot,656
5,neighborhood,hot,661
5,neighborhood,hot,705
5,neighborhood,hot,714
5,neighborhood,hot,729
5,neighborhood,hot,733
5,neighborhood,hot,734
5,neighborhood,hot,736
5,neighborhood,hot,738
5,neighborhood,hot,746
5,neighborhood,hot,753
5,neighborhood,hot,756
5,neighborhood,hot,783
5,neighborhood,hot,786
5,neighborhood,hot,792
5,neighborhood,hot,797
5,neighborhood,hot,801
5,neighborhood,hot,809
5,neighborhood,hot,812
5,state,cold,195
5,state,cold,215
5,state,cold,275
5,state,cold,352
5,state,cold,416
5,state,cold,466
5,state,cold,473
5,state,cold,499
5,state,cold,569
5,state,cold,574
5,state,cold,575
5,state,cold,606
5,state,cold,610
5,state,cold,745
5,state,cold,775
5,state,cold,794
5,state,cold,800
5,state,hot,104
5,state,hot,106
5,state,hot,114
5,state,hot,174
5,state,hot,188
5,state,hot,192
5,state,hot,216
5,state,hot,222
5,state,hot,233
5,state,hot,242
5,state,hot,252
5,state,hot,272
5,state,hot,283
5,state,hot,287
5,state,hot,289
5,state,hot,290
5,state,hot,295
5,state,hot,310
5,state,hot,313
5,state,hot,315
5,state,hot,329
5,state,hot,331
5,state,hot,332
5,state,hot,334
5,state,hot,339
5,state,hot,351
5,state,hot,354
5,state,hot,355
5,state,hot,359
5,state,hot,362
5,state,hot,381
5,state,hot,387
5,state,hot,403
5,state,hot,411
5,state,hot,435
5,state,hot,445
5,state,hot,450
5,state,hot,468
5,state,hot,480
5,state,hot,489
5,state,hot,490
5,state,hot,529
5,state,hot,531
5,state,hot,570
5,state,hot,586
5,state,hot,592
5,state,hot,599
5,state,hot,600
5,state,hot,604
5,state,hot,613
5,state,hot,617
5,state,hot,627
5,state,hot,640
5,state,hot,711
5,state,hot,720
5,state,hot,729
5,state,hot,736
5,state,hot,746
5,state,hot,750
5,state,hot,753
5,state,hot,767
5,state,hot,783
5,state,hot,786
5,state,hot,812
6,neighborhood,cold,102
6,neighborhood,cold,116
6,neighborhood,cold,117
6,neighborhood,cold,122
6,neighborhood,cold,126
6,neighborhood,cold,129
6,neighborhood,cold,132
6,neighborhood,cold,139
6,neighborhood,cold,140
6,neighborhood,cold,176
6,neighborhood,cold,185
6,neighborhood,cold,196
6,neighborhood,cold,199
6,neighborhood,cold,200
6,neighborhood,cold,220
6,neighborhood,cold,221
6,neighborhood,cold,225
6,neighborhood,cold,227
6,neighborhood,cold,245
6,neighborhood,cold,246
6,neighborhood,cold,254
6,neighborhood,cold,257
6,neighborhood,cold,259
6,neighborhood,cold,263
6,neighborhood,cold,275
6,neighborhood,cold,277
6,neighborhood,cold,286
6,neighborhood,cold,296
6,neighborhood,cold,306
6,neighborhood,cold,325
6,neighborhood,cold,336
6,neighborhood,cold,337
6,neighborhood,cold,341
6,neighborhood,cold,342
6,neighborhood,cold,344
6,neighborhood,cold,352
6,neighborhood,cold,357
6,neighborhood,cold,360
6,neighborhood,cold,366
6,neighborhood,cold,370
6,neighborhood,cold,371
6,neighborhood,cold,376
6,neighborhood,cold,382
6,neighborhood,cold,383
6,neighborhood,cold,385
6,neighborhood,cold,392
6,neighborhood,cold,397
6,neighborhood,cold,400
6,neighborhood,cold,414
6,neighborhood,cold,420
6,neighborhood,cold,429
6,neighborhood,cold,434
6,neighborhood,cold,438
6,neighborhood,cold,440
6,neighborhood,cold,442
6,neighborhood,cold,443
6,neighborhood,cold,452
6,neighborhood,cold,467
6,neighborhood,cold,470
6,neighborhood,cold,473
6,neighborhood,cold,481
6,neighborhood,cold,485
6,neighborhood,cold,492
6,neighborhood,cold,499
6,neighborhood,cold,504
6,neighborhood,cold,508
6,neighborhood,cold,514
6,neighborhood,cold,517
6,neighborhood,cold,519
6,neighborhood,cold,532
6,neighborhood,cold,566
6,neighborhood,cold,568
6,neighborhood,cold,578
6,neighborhood,cold,579
6,neighborhood,cold,581
6,neighborhood,cold,582
6,neighborhood,cold,587
6,neighborhood,cold,591
6,neighborhood,cold,603
6,neighborhood,cold,609
6,neighborhood,cold,620
6,neighborhood,cold,629
6,neighborhood,cold,634
6,neighborhood,cold,636
6,neighborhood,cold,651
6,neighborhood,cold,659
6,neighborhood,cold,660
6,neighborhood,cold,665
6,neighborhood,cold,683
6,neighborhood,cold,684
6,neighborhood,cold,686
6,neighborhood,cold,688
6,neighborhood,cold,693
6,neighborhood,cold,697
6,neighborhood,cold,703
6,neighborhood,cold,708
6,neighborhood,cold,710
6,neighborhood,cold,720
6,neighborhood,cold,721
6,neighborhood,cold,723
6,neighborhood,cold,734
6,neighborhood,cold,742
6,neighborhood,cold,743
6,neighborhood,cold,754
6,neighborhood,cold,773
6,neighborhood,cold,775
6,neighborhood,cold,776
6,neighborhood,cold,780
6,neighborhood,cold,789
6,neighborhood,cold,791
6,neighborhood,cold,813
6,neighborhood,cold,814
6,neighborhood,cold,815
6,neighborhood,hot,104
6,neighborhood,hot,109
6,neighborhood,hot,110
6,neighborhood,hot,114
6,neighborhood,hot,120
6,neighborhood,hot,123
6,neighborhood,hot,161
6,neighborhood,hot,169
6,neighborhood,hot,174
6,neighborhood,hot,179
6,neighborhood,hot,188
6,neighborhood,hot,193
6,neighborhood,hot,207
6,neighborhood,hot,216
6,neighborhood,hot,222
6,neighborhood,hot,231
6,neighborhood,hot,235
6,neighborhood,hot,236
6,neighborhood,hot,239
6,neighborhood,hot,241
6,neighborhood,hot,242
6,neighborhood,hot,247
6,neighborhood,hot,261
6,neighborhood,hot,264
6,neighborhood,hot,268
6,neighborhood,hot,270
6,neighborhood,hot,272
6,neighborhood,hot,280
6,neighborhood,hot,283
6,neighborhood,hot,287
6,neighborhood,hot,289
6,neighborhood,hot,290
6,neighborhood,hot,294
6,neighborhood,hot,295
6,neighborhood,hot,315
6,neighborhood,hot,322
6,neighborhood,hot,326
6,neighborhood,hot,329
6,neighborhood,hot,330
6,neighborhood,hot,331
6,neighborhood,hot,332
6,neighborhood,hot,339
6,neighborhood,hot,345
6,neighborhood,hot,351
6,neighborhood,hot,354
6,neighborhood,hot,355
6,neighborhood,hot,356
6,neighborhood,hot,359
6,neighborhood,hot,364
6,neighborhood,hot,368
6,neighborhood,hot,369
6,neighborhood,hot,381
6,neighborhood,hot,387
6,neighborhood,hot,389
6,neighborhood,hot,395
6,neighborhood,hot,403
6,neighborhood,hot,411
6,neighborhood,hot,418
6,neighborhood,hot,424
6,neighborhood,hot,435
6,neighborhood,hot,449
6,neighborhood,hot,450
6,neighborhood,hot,459
6,neighborhood,hot,468
6,neighborhood,hot,478
6,neighborhood,hot,480
6,neighborhood,hot,489
6,neighborhood,hot,490
6,neighborhood,hot,493
6,neighborhood,hot,505
6,neighborhood,hot,526
6,neighborhood,hot,527
6,neighborhood,hot,537
6,neighborhood,hot,538
6,neighborhood,hot,541
6,neighborhood,hot,545
6,neighborhood,hot,552
6,neighborhood,hot,570
6,neighborhood,hot,576
6,neighborhood,hot,590
6,neighborhood,hot,594
6,neighborhood,hot,599
6,neighborhood,hot,600
6,neighborhood,hot,612
6,neighborhood,hot,613
6,neighborhood,hot,617
6,neighborhood,hot,627
6,neighborhood,hot,631
6,neighborhood,hot,632
6,neighborhood,hot,640
6,neighborhood,hot,649
6,neighborhood,hot,654
6,neighborhood,hot,661
6,neighborhood,hot,664
6,neighborhood,hot,680
6,neighborhood,hot,715
6,neighborhood,hot,728
6,neighborhood,hot,729
6,neighborhood,hot,733
6,neighborhood,hot,736
6,neighborhood,hot,748
6,neighborhood,hot,750
6,neighborhood,hot,756
6,neighborhood,hot,765
6,neighborhood,hot,769
6,neighborhood,hot,778
6,neighborhood,hot,783
6,neighborhood,hot,786
6,neighborhood,hot,792
6,neighborhood,hot,797
6,neighborhood,hot,803
6,neighborhood,hot,812
6,state,cold,220
6,state,cold,275
6,state,cold,352
6,state,cold,385
6,state,cold,416
6,state,cold,438
6,state,cold,463
6,state,cold,473
6,state,cold,499
6,state,cold,579
6,state,cold,610
6,state,cold,720
6,state,cold,794
6,state,cold,800
6,state,hot,104
6,state,hot,106
6,state,hot,114
6,state,hot,115
6,state,hot,174
6,state,hot,188
6,state,hot,192
6,state,hot,216
6,state,hot,218
6,state,hot,222
6,state,hot,237
6,state,hot,238
6,state,hot,252
6,state,hot,261
6,state,hot,270
6,state,hot,272
6,state,hot,283
6,state,hot,287
6,state,hot,289
6,state,hot,290
6,state,hot,295
6,state,hot,310
6,state,hot,326
6,state,hot,331
6,state,hot,332
6,state,hot,334
6,state,hot,339
6,state,hot,351
6,state,hot,353
6,state,hot,354
6,state,hot,355
6,state,hot,356
6,state,hot,359
6,state,hot,362
6,state,hot,387
6,state,hot,403
6,state,hot,411
6,state,hot,435
6,state,hot,445
6,state,hot,450
6,state,hot,459
6,state,hot,468
6,state,hot,480
6,state,hot,489
6,state,hot,490
6,state,hot,505
6,state,hot,531
6,state,hot,570
6,state,hot,574
6,state,hot,590
6,state,hot,592
6,state,hot,599
6,state,hot,600
6,state,hot,612
6,state,hot,613
6,state,hot,617
6,state,hot,627
6,state,hot,640
6,state,hot,641
6,state,hot,711
6,state,hot,729
6,state,hot,736
6,state,hot,746
6,state,hot,749
6,state,hot,750
6,state,hot,767
6,state,hot,783
6,state,hot,786
6,state,hot,806
6,state,hot,812
7,neighborhood,cold,101
7,neighborhood,cold,102
7,neighborhood,cold,122
7,neighborhood,cold,126
7,neighborhood,cold,129
7,neighborhood,cold,132
7,neighborhood,cold,138
7,neighborhood,cold,139
7,neighborhood,cold,140
7,neighborhood,cold,176
7,neighborhood,cold,185
7,neighborhood,cold,199
7,neighborhood,cold,200
7,neighborhood,cold,206
7,neighborhood,cold,212
7,neighborhood,cold,215
7,neighborhood,cold,220
7,neighborhood,cold,227
7,neighborhood,cold,228
7,neighborhood,cold,229
7,neighborhood,cold,245
7,neighborhood,cold,246
7,neighborhood,cold,254
7,neighborhood,cold,263
7,neighborhood,cold,275
7,neighborhood,cold,299
7,neighborhood,cold,306
7,neighborhood,cold,333
7,neighborhood,cold,335
7,neighborhood,cold,336
7,neighborhood,cold,337
7,neighborhood,cold,341
7,neighborhood,cold,342
7,neighborhood,cold,344
7,neighborhood,cold,352
7,neighborhood,cold,360
7,neighborhood,cold,366
7,neighborhood,cold,370
7,neighborhood,cold,372
7,neighborhood,cold,374
7,neighborhood,cold,376
7,neighborhood,cold,382
7,neighborhood,cold,383
7,neighborhood,cold,384
7,neighborhood,cold,385
7,neighborhood,cold,392
7,neighborhood,cold,400
7,neighborhood,cold,414
7,neighborhood,cold,415
7,neighborhood,cold,420
7,neighborhood,cold,429
7,neighborhood,cold,434
7,neighborhood,cold,439
7,neighborhood,cold,443
7,neighborhood,cold,473
7,neighborhood,cold,499
7,neighborhood,cold,519
7,neighborhood,cold,524
7,neighborhood,cold,532
7,neighborhood,cold,548
7,neighborhood,cold,566
7,neighborhood,cold,568
7,neighborhood,cold,575
7,neighborhood,cold,579
7,neighborhood,cold,582
7,neighborhood,cold,587
7,neighborhood,cold,591
7,neighborhood,cold,603
7,neighborhood,cold,609
7,neighborhood,cold,618
7,neighborhood,cold,629
7,neighborhood,cold,634
7,neighborhood,cold,636
7,neighborhood,cold,637
7,neighborhood,cold,643
7,neighborhood,cold,651
7,neighborhood,cold,655
7,neighborhood,cold,660
7,neighborhood,cold,665
7,neighborhood,cold,681
7,neighborhood,cold,683
7,neighborhood,cold,684
7,neighborhood,cold,685
7,neighborhood,cold,686
7,neighborhood,cold,693
7,neighborhood,cold,694
7,neighborhood,cold,697
7,neighborhood,cold,699
7,neighborhood,cold,701
7,neighborhood,cold,703
7,neighborhood,cold,708
7,neighborhood,cold,710
7,neighborhood,cold,742
7,neighborhood,cold,755
7,neighborhood,cold,775
7,neighborhood,cold,776
7,neighborhood,cold,780
7,neighborhood,cold,799
7,neighborhood,cold,801
7,neighborhood,cold,815
7,neighborhood,hot,103
7,neighborhood,hot,104
7,neighborhood,hot,109
7,neighborhood,hot,110
7,neighborhood,hot,111
7,neighborhood,hot,120
7,neighborhood,hot,128
7,neighborhood,hot,135
7,neighborhood,hot,150
7,neighborhood,hot,153
7,neighborhood,hot,161
7,neighborhood,hot,162
7,neighborhood,hot,169
7,neighborhood,hot,174
7,neighborhood,hot,179
7,neighborhood,hot,188
7,neighborhood,hot,193
7,neighborhood,hot,197
7,neighborhood,hot,198
7,neighborhood,hot,207
7,neighborhood,hot,216
7,neighborhood,hot,218
7,neighborhood,hot,222
7,neighborhood,hot,231
7,neighborhood,hot,233
7,neighborhood,hot,235
7,neighborhood,hot,236
7,neighborhood,hot,240
7,neighborhood,hot,241
7,neighborhood,hot,242
7,neighborhood,hot,247
7,neighborhood,hot,252
7,neighborhood,hot,259
7,neighborhood,hot,270
7,neighborhood,hot,280
7,neighborhood,hot,283
7,neighborhood,hot,287
7,neighborhood,hot,288
7,neighborhood,hot,289
7,neighborhood,hot,290
7,neighborhood,hot,294
7,neighborhood,hot,295
7,neighborhood,hot,315
7,neighborhood,hot,318
7,neighborhood,hot,326
7,neighborhood,hot,329
7,neighborhood,hot,331
7,neighborhood,hot,332
7,neighborhood,hot,345
7,neighborhood,hot,346
7,neighborhood,hot,351
7,neighborhood,hot,354
7,neighborhood,hot,355
7,neighborhood,hot,356
7,neighborhood,hot,359
7,neighborhood,hot,362
7,neighborhood,hot,364
7,neighborhood,hot,368
7,neighborhood,hot,369
7,neighborhood,hot,381
7,neighborhood,hot,387
7,neighborhood,hot,389
7,neighborhood,hot,403
7,neighborhood,hot,411
7,neighborhood,hot,418
7,neighborhood,hot,419
7,neighborhood,hot,435
7,neighborhood,hot,445
7,neighborhood,hot,449
7,neighborhood,hot,459
7,neighborhood,hot,467
7,neighborhood,hot,468
7,neighborhood,hot,474
7,neighborhood,hot,476
7,neighborhood,hot,478
7,neighborhood,hot,480
7,neighborhood,hot,489
7,neighborhood,hot,490
7,neighborhood,hot,493
7,neighborhood,hot,505
7,neighborhood,hot,509
7,neighborhood,hot,518
7,neighborhood,hot,526
7,neighborhood,hot,527
7,neighborhood,hot,537
7,neighborhood,hot,538
7,neighborhood,hot,541
7,neighborhood,hot,545
7,neighborhood,hot,552
7,neighborhood,hot,558
7,neighborhood,hot,570
7,neighborhood,hot,590
7,neighborhood,hot,592
7,neighborhood,hot,594
7,neighborhood,hot,595
7,neighborhood,hot,599
7,neighborhood,hot,600
7,neighborhood,hot,612
7,neighborhood,hot,614
7,neighborhood,hot,617
7,neighborhood,hot,626
7,neighborhood,hot,627
7,neighborhood,hot,631
7,neighborhood,hot,632
7,neighborhood,hot,640
7,neighborhood,hot,654
7,neighborhood,hot,657
7,neighborhood,hot,661
7,neighborhood,hot,667
7,neighborhood,hot,680
7,neighborhood,hot,690
7,neighborhood,hot,705
7,neighborhood,hot,713
7,neighborhood,hot,714
7,neighborhood,hot,723
7,neighborhood,hot,728
7,neighborhood,hot,729
7,neighborhood,hot,736
7,neighborhood,hot,748
7,neighborhood,hot,750
7,neighborhood,hot,767
7,neighborhood,hot,783
7,neighborhood,hot,786
7,neighborhood,hot,803
7,neighborhood,hot,806
7,neighborhood,hot,809
7,neighborhood,hot,812
7,state,cold,220
7,state,cold,275
7,state,cold,298
7,state,cold,352
7,state,cold,385
7,state,cold,416
7,state,cold,438
7,state,cold,463
7,state,cold,466
7,state,cold,473
7,state,cold,499
7,state,cold,575
7,state,cold,579
7,state,cold,587
7,state,cold,794
7,state,cold,800
7,state,hot,104
7,state,hot,106
7,state,hot,114
7,state,hot,174
7,state,hot,188
7,state,hot,216
7,state,hot,222
7,state,hot,235
7,state,hot,236
7,state,hot,237
7,state,hot,238
7,state,hot,252
7,state,hot,272
7,state,hot,283
7,state,hot,287
7,state,hot,289
7,state,hot,290
7,state,hot,295
7,state,hot,326
7,state,hot,331
7,state,hot,332
7,state,hot,339
7,state,hot,351
7,state,hot,354
7,state,hot,355
7,state,hot,356
7,state,hot,359
7,state,hot,362
7,state,hot,368
7,state,hot,369
7,state,hot,387
7,state,hot,403
7,state,hot,407
7,state,hot,411
7,state,hot,419
7,state,hot,435
7,state,hot,445
7,state,hot,450
7,state,hot,459
7,state,hot,480
7,state,hot,489
7,state,hot,490
7,state,hot,505
7,state,hot,520
7,state,hot,531
7,state,hot,537
7,state,hot,545
7,state,hot,549
7,state,hot,558
7,state,hot,570
7,state,hot,590
7,state,hot,592
7,state,hot,599
7,state,hot,600
7,state,hot,612
7,state,hot,613
7,state,hot,617
7,state,hot,627
7,state,hot,631
7,state,hot,640
7,state,hot,641
7,state,hot,703
7,state,hot,711
7,state,hot,729
7,state,hot,736
7,state,hot,746
7,state,hot,750
7,state,hot,753
7,state,hot,767
7,state,hot,783
7,state,hot,786
7,state,hot,804
7,state,hot,812
